{"cameraMode":{"drawMode":0,"name":"Shaded","section":"Shading Mode"},"sceneLighting":false,"audioPlay":false,"sceneViewState":{"showFog":true,"showMaterialUpdate":false,"showSkybox":false,"showFlares":true,"showImageEffects":true,"showParticleSystems":true},"in2DMode":false,"pivot":{"x":-8.104321479797364,"y":2.154409885406494,"z":-1.9431076049804688},"rotation":{"x":-0.12537164986133576,"y":-0.7176620960235596,"z":-0.13393183052539826,"w":0.6717932820320129},"size":2.4759180545806886,"orthographic":false}